{
  "id": "",
  "name": "",
  "font_family": "iconfont",
  "css_prefix_text": "icon-",
  "description": "",
  "glyphs": [
    {
      "icon_id": "338381",
      "name": "会员",
      "font_class": "huiyuan",
      "unicode": "e61d",
      "unicode_decimal": 58909
    },
    {
      "icon_id": "592049",
      "name": "菜单",
      "font_class": "caidan",
      "unicode": "e790",
      "unicode_decimal": 59280
    },
    {
      "icon_id": "1026166",
      "name": "搜索",
      "font_class": "sousuo",
      "unicode": "e628",
      "unicode_decimal": 58920
    },
    {
      "icon_id": "1614443",
      "name": "购物车",
      "font_class": "gouwuche",
      "unicode": "e620",
      "unicode_decimal": 58912
    }
  ]
}
